{
  "$schema": "https://cloud.uipath.com/draft/2024-12/entry-point",
  "entryPoints": [
    {
      "filePath": "main.xaml",
      "uniqueId": "a7f0bbb0-55d6-4258-b512-b0246b50ce94",
      "type": "process",
      "input": {
        "type": "object",
        "properties": {
          "_intRobotState": {
            "type": "integer",
            "minimum": -2147483648,
            "maximum": 2147483647
          },
          "_intFinalState": {
            "type": "integer",
            "minimum": -2147483648,
            "maximum": 2147483647
          },
          "_boolSendToClient": {
            "type": "boolean"
          },
          "_intExecutionDayOffset": {
            "type": "integer",
            "minimum": -2147483648,
            "maximum": 2147483647
          }
        },
        "required": []
      }
    }
  ]
}