{
  "Workflows": [
    {
      "Path": "main.xaml",
      "SortBy": 0,
      "VariablesSectionElementsOrder": [
        "excSystemException&StateMachine_2",
        "intRetryCounter&StateMachine_2",
        "intMaxTryNumber&StateMachine_2",
        "excBusinessException&StateMachine_2",
        "dtiExecutionStartTime&StateMachine_2",
        "arrScreenshotPaths&StateMachine_2",
        "dicConfig&StateMachine_2",
        "strExceptionsFolder&StateMachine_2",
        "strProcessMainFolder&Sequence_139",
        "strOriginFolder&Sequence_140",
        "strDestFolder&Sequence_140",
        "dtaWorkItems&Sequence_146",
        "strTest&Sequence_146",
        "strExcScreenshotName&Sequence_147",
        "strExcScreenshotPath&Sequence_147",
        "strSubject&Sequence_143",
        "strBodyFile&Sequence_143",
        "arrAttachments&Sequence_143",
        "arrRecipients&Sequence_143",
        "arrBodyFields&Sequence_143",
        "arrWrapperFields&Sequence_143",
        "arrRecipientsCC&Sequence_143",
        "strRobotName&Sequence_143",
        "boolSendEmail&Sequence_143",
        "strEmailWrapper&Sequence_143",
        "intTimeoutSendEmail&Sequence_143",
        "strRecipientsCol&Sequence_143",
        "strSubject&Sequence_145",
        "strBodyFile&Sequence_145",
        "arrAttachments&Sequence_145",
        "arrRecipients&Sequence_145",
        "arrBodyFields&Sequence_145",
        "arrWrapperFields&Sequence_145",
        "arrRecipientsCC&Sequence_145",
        "strRobotName&Sequence_145",
        "boolSendEmail&Sequence_145",
        "strEmailWrapper&Sequence_145",
        "intTimeoutSendEmail&Sequence_145",
        "strRecipientsCol&Sequence_145",
        "boolWorktrayExists&Sequence_145"
      ],
      "ArgumentsSectionElementsOrder": [
        "_intRobotState",
        "_intFinalState",
        "_boolSendToClient",
        "_intExecutionDayOffset"
      ],
      "ConstantsSectionElementsOrder": [],
      "AddedNamespaces": null
    },
    {
      "Path": "wfs/_templates/p001_build_worktray.xaml",
      "SortBy": 0,
      "VariablesSectionElementsOrder": [],
      "ArgumentsSectionElementsOrder": null,
      "ConstantsSectionElementsOrder": null,
      "AddedNamespaces": null
    },
    {
      "Path": "wfs/_templates/workflow_basic_template.xaml",
      "SortBy": 0,
      "VariablesSectionElementsOrder": [],
      "ArgumentsSectionElementsOrder": null,
      "ConstantsSectionElementsOrder": null,
      "AddedNamespaces": null
    },
    {
      "Path": "wfs/_templates/process_row_template.xaml",
      "SortBy": 0,
      "VariablesSectionElementsOrder": [],
      "ArgumentsSectionElementsOrder": null,
      "ConstantsSectionElementsOrder": null,
      "AddedNamespaces": null
    },
    {
      "Path": "wfs/_templates/p001_main_state_wf_2.0.xaml",
      "SortBy": 0,
      "VariablesSectionElementsOrder": [],
      "ArgumentsSectionElementsOrder": null,
      "ConstantsSectionElementsOrder": null,
      "AddedNamespaces": null
    },
    {
      "Path": "wfs/_templates/p001_send_execution_report.xaml",
      "SortBy": 0,
      "VariablesSectionElementsOrder": [],
      "ArgumentsSectionElementsOrder": null,
      "ConstantsSectionElementsOrder": null,
      "AddedNamespaces": null
    },
    {
      "Path": "wfs/_templates/p001_main_state_wf_old.xaml",
      "SortBy": 0,
      "VariablesSectionElementsOrder": [],
      "ArgumentsSectionElementsOrder": null,
      "ConstantsSectionElementsOrder": null,
      "AddedNamespaces": null
    },
    {
      "Path": "wfs/_utils_process/ACME/utils_acme_login.xaml",
      "SortBy": 0,
      "VariablesSectionElementsOrder": [
        "strUrlAcme&Sequence_1",
        "jobInfo&Sequence_1",
        "strOrchestratorFolder&Sequence_1",
        "strAssetCredentialName&Sequence_1",
        "strEmail&Sequence_1",
        "strSecurePassword&Sequence_1",
        "intTimerLow&Sequence_1"
      ],
      "ArgumentsSectionElementsOrder": [
        "_strTaxID",
        "_strFolderPath",
        "_dicConfig"
      ],
      "ConstantsSectionElementsOrder": [],
      "AddedNamespaces": null
    },
    {
      "Path": "wfs/1_generate_input_and_build_worktray/extract_inputfile_data.xaml",
      "SortBy": 0,
      "VariablesSectionElementsOrder": [
        "jobInfo&Sequence_1",
        "strUrlAcmeHome&Sequence_1",
        "intTimerLow&Sequence_1"
      ],
      "ArgumentsSectionElementsOrder": [
        "_intRobotState",
        "_intFinalState",
        "_boolSendToClient",
        "_intExecutionDayOffset",
        "_dicConfig"
      ],
      "ConstantsSectionElementsOrder": [],
      "AddedNamespaces": null
    },
    {
      "Path": "wfs/2_extract_taxid_and_download_reports_for_mountlhy/ob001_extract_taxid.xaml",
      "SortBy": 0,
      "VariablesSectionElementsOrder": [
        "strWorktray&Sequence_1",
        "dtaWorktray&Sequence_1",
        "intCurrentIdx&Sequence_1",
        "intRowsToProcess&Sequence_1",
        "intMaxRowTries&Sequence_1",
        "jobInfo&Sequence_1",
        "intMaxRowsToProcess&Sequence_1",
        "boolTakeScreenshotSysExc&Sequence_1",
        "boolTakeScreenshotBE&Sequence_1",
        "listrowsWtToProcess&Sequence_1",
        "strPreviousStateCol&Sequence_1",
        "strCurrentSateCol&Sequence_1",
        "strSuccess&Sequence_17",
        "strObs&Sequence_17",
        "intRowIdx&Sequence_17"
      ],
      "ArgumentsSectionElementsOrder": [
        "_strTaxID",
        "_strWid",
        "_dicConfig"
      ],
      "ConstantsSectionElementsOrder": [],
      "AddedNamespaces": null
    },
    {
      "Path": "wfs/2_extract_taxid_and_download_reports_for_mountlhy/ob001_extract_taxid_pw.xaml",
      "SortBy": 0,
      "VariablesSectionElementsOrder": [
        "strTax&Sequence_1",
        "jobInfo&Sequence_1",
        "strWid&Sequence_1",
        "strUrlAcme&Sequence_1",
        "intRowIdx&Sequence_2",
        "dtaWorktray&Sequence_2"
      ],
      "ArgumentsSectionElementsOrder": [
        "_strTaxID",
        "_strFolderPath",
        "_dicConfig"
      ],
      "ConstantsSectionElementsOrder": [],
      "AddedNamespaces": null
    },
    {
      "Path": "wfs/2_extract_taxid_and_download_reports_for_mountlhy/wfs/donwload_report_forwid.xaml",
      "SortBy": 0,
      "VariablesSectionElementsOrder": [
        "strProcessData&Sequence_1",
        "strProcessYearly&Sequence_1",
        "arrMonth&Sequence_1",
        "struUrlReportDownload&Sequence_1",
        "intTimerLow&Sequence_2",
        "iterator&Sequence_32",
        "arrMonth&Sequence_32",
        "jobInfo&Sequence_1",
        "strUrlAcme&Sequence_1",
        "intTimerLow&Sequence_1"
      ],
      "ArgumentsSectionElementsOrder": [
        "_strTaxID",
        "_dicConfig",
        "_strFolderPath"
      ],
      "ConstantsSectionElementsOrder": [],
      "AddedNamespaces": null
    },
    {
      "Path": "wfs/1_generate_input_and_build_worktray/load_inputfile_data_in_xls.xaml",
      "SortBy": 0,
      "VariablesSectionElementsOrder": [
        "jobInfo&Sequence_1",
        "strPathInputFile&Sequence_1",
        "strSheet&Sequence_1"
      ],
      "ArgumentsSectionElementsOrder": [
        "_dtaWorkItems",
        "_dicConfig"
      ],
      "ConstantsSectionElementsOrder": [],
      "AddedNamespaces": null
    },
    {
      "Path": "wfs/2_extract_taxid_and_download_reports_for_mountlhy/wfs/search_url_wid.xaml",
      "SortBy": 0,
      "VariablesSectionElementsOrder": [
        "jobInfo&Sequence_12",
        "strBoolCanContinue&Sequence_12"
      ],
      "ArgumentsSectionElementsOrder": [
        "_boolFileDownloaded",
        "_strFilePath",
        "_intWaitingSeconds",
        "_intTimerLower",
        "_strAcmePage",
        "_strTaxID",
        "_strWid",
        "_dicConfig"
      ],
      "ConstantsSectionElementsOrder": [],
      "AddedNamespaces": null
    },
    {
      "Path": "wfs/_utils_process/ACME/utils_acme_logout.xaml",
      "SortBy": 0,
      "VariablesSectionElementsOrder": [],
      "ArgumentsSectionElementsOrder": [
        "_strTaxID",
        "_strFolderPath",
        "_dicConfig"
      ],
      "ConstantsSectionElementsOrder": [],
      "AddedNamespaces": null
    },
    {
      "Path": null,
      "SortBy": 0,
      "VariablesSectionElementsOrder": [],
      "ArgumentsSectionElementsOrder": null,
      "ConstantsSectionElementsOrder": [],
      "AddedNamespaces": null
    },
    {
      "Path": "wfs/_fmw/fmw_send_email.xaml",
      "SortBy": 0,
      "VariablesSectionElementsOrder": [
        "strEmailUser&Sequence_1",
        "dtaRecipients&Sequence_1",
        "strTo&Sequence_1",
        "strCc&Sequence_1",
        "strBcc&Sequence_1",
        "strDelimiter&Sequence_1",
        "strBodyMsg&Sequence_1",
        "strEmailBody&Sequence_1",
        "arrBcc&Sequence_1",
        "arrCc&Sequence_1",
        "arrTo&Sequence_1",
        "arrWrapperExtraFields&Sequence_1",
        "strEmailCreds&Sequence_1",
        "intEnv&Sequence_1",
        "strRecipientsFile&Sequence_1",
        "strEmailServerType&Sequence_1",
        "strSmtpServer&Sequence_1",
        "intSmtpPort&Sequence_1",
        "strO365AppId&Sequence_1",
        "strO365TenantId&Sequence_1",
        "strExceptionsFolder&Sequence_1",
        "jobInfo&Sequence_1",
        "arrToRecipientsFile&Sequence_13",
        "arrCcRecipientsFile&Sequence_13",
        "arrBccRecipientsFile&Sequence_13",
        "arrrowRecipients&Sequence_13",
        "arrRecipientCols&Sequence_13",
        "intEnvLevel&Sequence_33",
        "strExceptionsAttachment&Sequence_42",
        "arrExceptionFiles&Sequence_42",
        "boolExcFolderExists&Sequence_42",
        "dblFileSize&Sequence_43",
        "dblMaxSizeToZip&Sequence_43",
        "intFilesToZip&Sequence_43",
        "arrFilesToZip&Sequence_43",
        "boolSentEmail&Sequence_49",
        "sstrEmailPassword&Sequence_29"
      ],
      "ArgumentsSectionElementsOrder": [
        "_strSubject",
        "_arrBodyFields",
        "_arrRecipients",
        "_strSenderName",
        "_arrAttachmentsFiles",
        "_strEmailWrapperFile",
        "_strBodyMsgFile",
        "_arrExtraWrapperFields",
        "_intMaxTimeToSendEmail",
        "_arrRecipientsCC",
        "_strRecipientsColumn",
        "_dicConfig",
        "_boolSendToClient"
      ],
      "ConstantsSectionElementsOrder": [],
      "AddedNamespaces": null
    },
    {
      "Path": "wfs/3_build_yearly_report/ob001_build_yearly_report.xaml",
      "SortBy": 0,
      "VariablesSectionElementsOrder": [
        "strWorktray&Sequence_1",
        "dtaWorktray&Sequence_1",
        "intCurrentIdx&Sequence_1",
        "intRowsToProcess&Sequence_1",
        "intMaxRowTries&Sequence_1",
        "jobInfo&Sequence_1",
        "intMaxRowsToProcess&Sequence_1",
        "boolTakeScreenshotSysExc&Sequence_1",
        "boolTakeScreenshotBE&Sequence_1",
        "listrowsWtToProcess&Sequence_1",
        "strPreviousStateCol&Sequence_1",
        "strCurrentSateCol&Sequence_1",
        "strSuccess&Sequence_17",
        "strObs&Sequence_17",
        "intRowIdx&Sequence_17"
      ],
      "ArgumentsSectionElementsOrder": [
        "_dicConfig"
      ],
      "ConstantsSectionElementsOrder": [],
      "AddedNamespaces": null
    },
    {
      "Path": "wfs/3_build_yearly_report/ob001_build_yearly_report_pw.xaml",
      "SortBy": 0,
      "VariablesSectionElementsOrder": [
        "dtaYearlyReport&Sequence_1",
        "strTaxID&Sequence_1",
        "jobInfo&Sequence_1",
        "strUrlAcme&Sequence_1",
        "strWid&Sequence_1",
        "intRowIdx&Sequence_2",
        "dtaWorktray&Sequence_2"
      ],
      "ArgumentsSectionElementsOrder": [
        "_dicConfig",
        "_drowWt"
      ],
      "ConstantsSectionElementsOrder": [],
      "AddedNamespaces": null
    },
    {
      "Path": "wfs/3_build_yearly_report/wfs/build_yearly_datatable_from_monthly_reports.xaml.xaml",
      "SortBy": 0,
      "VariablesSectionElementsOrder": [
        "dtaMonth&Sequence_1",
        "strTempNameMonth&Sequence_1",
        "arrFilesPath&Sequence_1",
        "strYearlyReportFolderPath&Sequence_1",
        "jobInfo&Sequence_1"
      ],
      "ArgumentsSectionElementsOrder": [
        "_dtaYearlyReport",
        "_strTaxID",
        "_dicConfig"
      ],
      "ConstantsSectionElementsOrder": [],
      "AddedNamespaces": null
    },
    {
      "Path": "wfs/_utils/chrome_save_file_as.xaml",
      "SortBy": 0,
      "VariablesSectionElementsOrder": [
        "jobInfo&Sequence_12"
      ],
      "ArgumentsSectionElementsOrder": [
        "_strFolderToClean"
      ],
      "ConstantsSectionElementsOrder": [],
      "AddedNamespaces": null
    },
    {
      "Path": "wfs/_utils/utils_create_dictionary.xaml",
      "SortBy": 0,
      "VariablesSectionElementsOrder": [],
      "ArgumentsSectionElementsOrder": [
        "_boolFileDownloaded",
        "_strFilePath",
        "_intWaitingSeconds",
        "_intTimerLower",
        "_strAcmePage",
        "_strDictFilePath",
        "_strKeyColumn",
        "_strValueColumn",
        "_dictOut"
      ],
      "ConstantsSectionElementsOrder": [],
      "AddedNamespaces": null
    },
    {
      "Path": "wfs/3_build_yearly_report/wfs/create_yearly_report_excel.xaml.xaml",
      "SortBy": 0,
      "VariablesSectionElementsOrder": [
        "strYearlyReportFolderPath&Sequence_1",
        "jobInfo&Sequence_1"
      ],
      "ArgumentsSectionElementsOrder": [
        "_strTaxId",
        "_dtaYearlyReport",
        "_dicConfig"
      ],
      "ConstantsSectionElementsOrder": [],
      "AddedNamespaces": null
    },
    {
      "Path": "wfs/_utils/utils_clean_folder.xaml",
      "SortBy": 0,
      "VariablesSectionElementsOrder": [
        "boolProcessDataExist&Sequence_5",
        "boolFolderExists&Sequence_5",
        "jobInfo&Sequence_5"
      ],
      "ArgumentsSectionElementsOrder": [
        "_boolFileDownloaded",
        "_strFilePath",
        "_intWaitingSeconds",
        "_strFolderToClean"
      ],
      "ConstantsSectionElementsOrder": [],
      "AddedNamespaces": null
    },
    {
      "Path": "wfs/_utils/utils_get_country_working_days.xaml",
      "SortBy": 0,
      "VariablesSectionElementsOrder": [
        "jobInfo&Sequence_1",
        "strAPIUrlTemp&Sequence_1",
        "arrYears&Sequence_1",
        "arrdtiHolidays&Sequence_1"
      ],
      "ArgumentsSectionElementsOrder": [
        "_dtiStartDate",
        "_intMaxDays",
        "_arrWorkingDays",
        "_strCountryCode"
      ],
      "ConstantsSectionElementsOrder": [],
      "AddedNamespaces": null
    },
    {
      "Path": "wfs/_utils/utils_get_holidays_api.xaml",
      "SortBy": 0,
      "VariablesSectionElementsOrder": [
        "jobInfo&Sequence_1",
        "strAPIUrlTemp&Sequence_1",
        "arrYears&Sequence_1",
        "arrdtiHolidays&Sequence_1",
        "arrdtiYearHolidays&Sequence_1",
        "strContent&Sequence_19",
        "jsonContent&Sequence_19",
        "intStatus&Sequence_19",
        "strAPIEndpointYear&Sequence_19"
      ],
      "ArgumentsSectionElementsOrder": [
        "_dtiStartDate",
        "_arrdtiHolidays",
        "_strCountryCode"
      ],
      "ConstantsSectionElementsOrder": [],
      "AddedNamespaces": null
    },
    {
      "Path": "wfs/_utils/utils_transform_dta_columns.xaml",
      "SortBy": 0,
      "VariablesSectionElementsOrder": [
        "dtaParameters&Sequence_1",
        "strTestTableFile&Sequence_1",
        "intParamIdx&Sequence_1",
        "jobInfo&Sequence_1",
        "arrDtaInCols&Sequence_15",
        "arrParamsInputCols&Sequence_15",
        "arrNewColsToRemove&Sequence_15",
        "strAction&Sequence_3",
        "strOriginalCol&Sequence_3",
        "strNewCol&Sequence_3",
        "strDefaultValue&Sequence_3",
        "arrSortedColumns&Sequence_6",
        "intColIdx&Sequence_6"
      ],
      "ArgumentsSectionElementsOrder": [
        "_strTransformColsFile",
        "_dtaIn",
        "_dtaOut"
      ],
      "ConstantsSectionElementsOrder": [],
      "AddedNamespaces": null
    },
    {
      "Path": "wfs/3_build_yearly_report/wfs/clean_and_create_fodler.xaml",
      "SortBy": 0,
      "VariablesSectionElementsOrder": [
        "boolProcessDataExist&Sequence_5",
        "boolFolderExists&Sequence_5",
        "jobInfo&Sequence_5"
      ],
      "ArgumentsSectionElementsOrder": [
        "_strFolderToClean"
      ],
      "ConstantsSectionElementsOrder": [],
      "AddedNamespaces": null
    },
    {
      "Path": "wfs/3_build_yearly_report/wfs/write_yearly_report_dt_to_excel.xaml",
      "SortBy": 0,
      "VariablesSectionElementsOrder": [
        "strExcelYerly&Sequence_1",
        "jobInfo&Sequence_1"
      ],
      "ArgumentsSectionElementsOrder": [
        "_dtaYearlyReport",
        "_strYearlyReportFolderPath",
        "_strTaxID",
        "_dicConfig"
      ],
      "ConstantsSectionElementsOrder": [],
      "AddedNamespaces": null
    },
    {
      "Path": "wfs/4_upload_yearly_report/p001_main_state_wf_2.0.xaml",
      "SortBy": 0,
      "VariablesSectionElementsOrder": [],
      "ArgumentsSectionElementsOrder": [
        "_dicConfig"
      ],
      "ConstantsSectionElementsOrder": [],
      "AddedNamespaces": null
    },
    {
      "Path": "wfs/4_upload_yearly_report/process_row_template.xaml",
      "SortBy": 0,
      "VariablesSectionElementsOrder": [
        "strWid&Sequence_1",
        "strTaxId&Sequence_1",
        "jobInfo&Sequence_1",
        "strUrlAcme&Sequence_1",
        "intRowIdx&Sequence_2",
        "dtaWorktray&Sequence_2"
      ],
      "ArgumentsSectionElementsOrder": [
        "_dicConfig",
        "_drowWt"
      ],
      "ConstantsSectionElementsOrder": [],
      "AddedNamespaces": null
    },
    {
      "Path": "wfs/4_upload_yearly_report/Navigate_to_upload_page.xaml",
      "SortBy": 0,
      "VariablesSectionElementsOrder": [],
      "ArgumentsSectionElementsOrder": [
        "_dicConfig"
      ],
      "ConstantsSectionElementsOrder": [],
      "AddedNamespaces": null
    },
    {
      "Path": "wfs/4_upload_yearly_report/Upload_Yearly_report.xaml",
      "SortBy": 0,
      "VariablesSectionElementsOrder": [
        "strFolderReportYearlyForTaxId&Sequence_1",
        "strUrlUploadYearlyPage&Sequence_1",
        "jobInfo&Sequence_1"
      ],
      "ArgumentsSectionElementsOrder": [
        "_strTaxId",
        "_dicConfig"
      ],
      "ConstantsSectionElementsOrder": [],
      "AddedNamespaces": null
    },
    {
      "Path": "wfs/4_upload_yearly_report/Navigate_to_change_info_workitem.xaml",
      "SortBy": 0,
      "VariablesSectionElementsOrder": [
        "strUrlChangeStatus&Sequence_1",
        "strUrlUploadReportYearly&Sequence_1",
        "jobInfo&Sequence_1"
      ],
      "ArgumentsSectionElementsOrder": [
        "_dicConfiguration",
        "_strConfigFile",
        "_strarrConfigSheets",
        "_strWid",
        "_dicConfig"
      ],
      "ConstantsSectionElementsOrder": [],
      "AddedNamespaces": null
    },
    {
      "Path": "wfs/_fmw/utils_read_config_dict.xaml",
      "SortBy": 0,
      "VariablesSectionElementsOrder": [
        "jobInfo&Sequence_4",
        "dtaConfigTable&Sequence_11",
        "intExeEnv&Sequence_11",
        "strKeyEnv&Sequence_11",
        "strKeyMainFolder&Sequence_11",
        "arrConfigCols&Sequence_11",
        "boolEnvColExists&Sequence_11",
        "strColumnEnv&Sequence_11",
        "arrConfigKeys&Sequence_11",
        "boolReplaceUser&Sequence_11",
        "strKey&Sequence_32",
        "strValue&Sequence_32",
        "intEnv&Sequence_32",
        "strValue&Sequence_18",
        "arrPathParts&Sequence_20",
        "intUserIdx&Sequence_20",
        "strSessionUser&Sequence_20",
        "strNewValue&Sequence_20",
        "strFormatKey&Sequence_19",
        "strFormatValue&Sequence_19",
        "strTagKey&Sequence_26",
        "strTagValue&Sequence_26"
      ],
      "ArgumentsSectionElementsOrder": [
        "_intRobotState",
        "_intFinalState",
        "_boolSendToClient",
        "_intExecutionDayOffset",
        "_dicConfig"
      ],
      "ConstantsSectionElementsOrder": [],
      "AddedNamespaces": null
    },
    {
      "Path": "wfs/2_extract_taxid_and_download_reports_for_mountlhy/wfs/utils_chrome_save_file_as.xaml",
      "SortBy": 0,
      "VariablesSectionElementsOrder": [
        "strBoolCanContinue&Sequence_12",
        "jobInfo&Sequence_12"
      ],
      "ArgumentsSectionElementsOrder": [
        "_boolFileDownloaded",
        "_strFilePath",
        "_intWaitingSeconds",
        "_intTimerLower",
        "_strAcmePage"
      ],
      "ConstantsSectionElementsOrder": [],
      "AddedNamespaces": null
    },
    {
      "Path": "wfs/_fmw/utils_close_apps.xaml",
      "SortBy": 0,
      "VariablesSectionElementsOrder": [
        "arrProcessesToKill&Sequence_1",
        "intTimeoutClose&Sequence_1",
        "jobInfo&Sequence_1"
      ],
      "ArgumentsSectionElementsOrder": [],
      "ConstantsSectionElementsOrder": [],
      "AddedNamespaces": null
    },
    {
      "Path": "wfs/_utils_process/utils_close_apps.xaml",
      "SortBy": 0,
      "VariablesSectionElementsOrder": [
        "arrProcessesToKill&Sequence_1",
        "intTimeoutClose&Sequence_1",
        "jobInfo&Sequence_1"
      ],
      "ArgumentsSectionElementsOrder": [],
      "ConstantsSectionElementsOrder": [],
      "AddedNamespaces": null
    },
    {
      "Path": "wfs/_fmw/utils_kill_processes.xaml",
      "SortBy": 0,
      "VariablesSectionElementsOrder": [
        "lstProcesses&Sequence_1",
        "boolLogActiveProcesses&Sequence_1",
        "jobInfo&Sequence_1",
        "boolProcessToKill&Sequence_9"
      ],
      "ArgumentsSectionElementsOrder": [
        "_arrProcessesToKill"
      ],
      "ConstantsSectionElementsOrder": [],
      "AddedNamespaces": null
    }
  ]
}