{"Excel.My_Workspace_dante_libiot_sisuadigital_com":{"ActivityDisplayName":null,"ActivityId":null,"Resource":"Connection","Key":"79b59bfc-a47e-4433-9559-11f78e264803","Id":"79b59bfc-a47e-4433-9559-11f78e264803","Description":null,"Value":{"ConnectionId":{"DefaultValue":"79b59bfc-a47e-4433-9559-11f78e264803","IsExpression":false,"DisplayName":"Connection","Description":"The connection to be used"}},"Metadata":{"Connector":"uipath-microsoft-onedrive","ConnectionType":"Excel","BindingsVersion":"2.1"}},"OneDrive.My_Workspace_dante_libiot_sisuadigital_com":{"ActivityDisplayName":null,"ActivityId":null,"Resource":"Connection","Key":"79b59bfc-a47e-4433-9559-11f78e264803","Id":"79b59bfc-a47e-4433-9559-11f78e264803","Description":null,"Value":{"ConnectionId":{"DefaultValue":"79b59bfc-a47e-4433-9559-11f78e264803","IsExpression":false,"DisplayName":"Connection","Description":"The connection to be used"}},"Metadata":{"Connector":"uipath-microsoft-onedrive","ConnectionType":"OneDrive","BindingsVersion":"2.1"}}}